{"cameraMode":{"drawMode":0,"name":"Shaded","section":"Shading Mode"},"sceneLighting":true,"audioPlay":false,"sceneViewState":{"m_AlwaysRefresh":false,"showFog":true,"showSkybox":true,"showFlares":true,"showImageEffects":true,"showParticleSystems":true,"showVisualEffectGraphs":true,"m_FxEnabled":true},"in2DMode":false,"pivot":{"x":1.1588542461395264,"y":-12.296897888183594,"z":-0.4837484359741211},"rotation":{"x":-0.552495002746582,"y":0.0029228494968265297,"z":-0.0020952406339347364,"w":-0.8335967659950256},"size":14.817620277404786,"orthographic":false}